Title,Content
My dad‚Äôs investment blew up,"Hello guys..Hope everyone has a good day.My dad invested 35k in Mutual Funds(25K Tata,5k uti,5k lotus) in 2007‚Ä¶Today its value is around 11.74 L‚Ä¶I have no idea what a MF is and my dad isn‚Äôt that much of a trader‚Ä¶Where should I invest this amount?‚Ä¶Our family financial advisor asked me to take it all and invest it somewhere..Can anyone of you guide me through"
1 Trillion Rupees worth without a single product! - Varun Beverages,"
I would like to draw your attention towards the Pepsi‚Äôs largest manufacturer and distributor in India - VBL!

Few things to keep in mind:

- With 25+ years of operations, Varun Beverages or VBL is Pepsi‚Äôs top 3 franchisees in the world outside US.

- The company operates in three broad segments:

- -Carbonated Soft Drinks which contributes to 71% of the portfolio volume. Products include: soft drinks (e.g., Pepsi 7Up) energy drinks (e.g., Sting), club soda and carbonated juice drinks

- -Non Carbonated beverages which contributes to nearly 25% of the portfolio volume. Products include: fruit-pulp drinks (eg., Tropicana), ice tea (under Lipton brand), sports drinks (e.g., Gatorade), packaged drinking water (e.g., Aquafina) and in-house dairy based drink (under the Creambell brand).

- Food Products. Products include: Kurkure Puffs in India and Lays and Doritos in Africa.

- With BevCo‚Äôs acquisition, the firm will get access to four new product lines. Products include: Caffeine drink - Refreshhh, Energy Drink - Reboost, Carbonated Drink - Coo-ee and Alternative Drinks -JiVE

- It has 42 manufacturing facilities (36 in India & 6 in International territories). Also, the firm completed a capacity‚Äìdriven capex of 2100 cr. in 2023 and has planned for 3600 cr. in 2024 of which 600 cr. is earmarked for international markets. As per the management, with new plants, the revenue potential will double in the coming years.

- In terms of geography, Indian business contributes to 80% of overall sales. Within India, it operates in 27 states and 7 UT. Remaining sales are international, from Nepal, Sri Lanka, Morocco, Zambia and Zimbabwe.

- Varun Beverages is part of the $15B + Jaipuria Group. The group runs the listed firm Devyani International (KFC India, Pizza Hut) and Pearl Drinks, manufacturer of PET bottles. Almost a vertically integrated ecosystem for Pepsi.

- The firm has had a long history with Pepsi. It has grown from 26% contribution to sales in 2011 to 90% contribution in Pepsi sales in 2023. It has the ‚Äòright to manufacturer Pepsi in India‚Äô till 2039 so unlikely to have another firm break this space.

- With over 39 manufacturing facilities, 120 depots, owned fleet of 2500 vehicles, over 2400 primary distributors, 35 lakh outlets and 10 lakh Visi-coolers, VBL‚Äôs on ground infrastructure remains a key driver for company‚Äôs growth.

- Varun Beverages Limited (VBL) reported a 20% growth in revenue with an 18% volume growth YoY in Q4 CY23. Despite the increase in cost of sugar, the company still ended with improved EBITDA margin. This improvement was due to softening bottling costs and operational efficiencies

- Net debt increased to Rs 4,700 Cr in 2023 from Rs 3,400 Cr in 2022, an increase of 38% due to growth Capex. But, given this is for capacity expansion, the debt is good as long as it can remain controlled. The interest coverage is 11.4x which means firm can pay back interests for this year

- And finally, with my valuation models (both DCF and relative) the stock is highly overvalued so it is not a value play at the moment. However, equity research analysts are claiming a median rise of 1490 (Sharekhan, Motilal, DAM, Nuvama, K.R. Choksey, Indsec and others) with as high as 1732 driven by market growth parameters.

Please check out the link where I further detail this out. Your feedback will help me course correct and increase the depth of my analysis:

https://youtu.be/t_G247783uU?si=-dQwPuxCifFo4CUu"
Finally closed my F&o segment in Zerodha ,"Finally came to end. 

Wasted huge savings and many years trying to get success. At end couldn't control emotions inspite of trying for several years 

Hope those who are in less loss close ur f&o section. It will cause disaster

Because of my job somehow able to manage my life inspite of loosing money from 10 years

I am generally gud in money but in trading I behave very different

Trading changes the logical brain üß† bit makes you emotional once you fall in to hope cycle of recovering losses you will loose more and more

Invest in mutual funds or stocks this f&o id waste of time money "
I have lost almost 1.8 cr in stock market since 2017 but I am still hopeful ,"I have lost almost 1.8 Crore since 2017... (57 lakh in Bitcoin it was froud with me , rest 1.2 crore or nearby from F&O and stocks). 
Whenever I buy put option the market goes against me if the same day I booked a loss then it will come down ... If I buy a call then the same thing happens. It's been happening for 7 years as of now. Even on 28 March 2024 in the morning I was bearish so the market was almost touched at an all time high and I closed my position in a loss near 3 pm. After I  booked a loss within 5 Min the market came down almost 250 pts in nifty and 400 pts in bank nifty. 
I know it's very high loss , due to this my wife's left me. She filed  divorce case too. Currently I am earning 7-8 lakh from my profession. Right now I have a few lakhs of loans that can be cleared. Right now I have 10 lakh capital in my hand and I know I can get my lost money back from the market, but I don't know how... I know for one thing for sure if the market took my money then the market will give my money back too... But the question is how .. I tried all the ways but every time I failed. I don't want cash based trade in equity because it will take a very long time... If someone who is genuine then I can share my demat so she/he can trade and I will share profit with that person. "
Rich trader have no time for reddit.?,Profitable rich trader with money is not here. So all the novice you don't expect that you'll get some advice from this subreddit. Go and study about market. Don't waste time here. 
Sharing the fraud that has occurred with me in name of institutional account.,"Hello guys,

Recently I was duped nearly for 25 lacs of rupees by someone claiming to be from institutional account Blackstone India and Mukesh mehta who appears to be Vice President of Blackstone Private equity group in India.Those guys had everything very well planned from website to scripting of what they talked about. They will allot you shares of different entities at a very low prices in the market in the order of 20000 in case of mine and force you to subscribe this. Also they would send you multiple collection accounts and then ask you to put money.


If anyone of you get these kind of requests or join the group don't join.They are extremely professional scammers operating globally. Try to do transactions with a registered authority only. I got slipped in the greed don't fall for this. 

I don't even know if I would get my money.
If anyone has gone through same kindly help.

Thanks.
P.S. The fraud still is connected and asking me more of 15 lakhs as ransom. He says give me more 15 lakhs and I would return you all money with profits( says around 90 lakhs in my account).

I would put up a detailed thing if I get time to explain things better."
We are told to check P/E ratio but how many people know what it means?,"P/E ratio tells you an estimate of how long it would take to recover your investment based on the company's current earnings if all profits were paid out as dividends and the earnings never grew.

Example - if P/E ratio is 10, then it means if you buy entire company, in 10 years, you will recover your entire investment from its profit if company‚Äôs profit remains same. 

And if P/E ratio is 100 then you may not be able to recover your investment in your life time and inflation will also beat you üòÄ.

Investment in companies with high P/E ratio only makes sense if company can grow significantly every year.  PEG ratio can be one of the matrices which can help decide if company is justifying high P/E ratio in such cases.

https://x.com/growth_picker/status/1772155532691865808

"
Just Stop!,"Holy shit the number of people who loose money in F&O is crazy high! It's a hedging instrument dum dums not a money printer! I see so many posts some/most of whom are not in great financial positions in life gambling away their or their families money in exchange for fuck all! 

Your life won't change with that 4-5k profit per lot man. That's not what the market is. There are people who win consistently no denying but to be one of them you need to dedicate yourself into understanding a staggering amount of information, coupled with a large experiential exposure to the markets. 

And many of the posts you see on here, who show off their one off 'wins' have just gotten lucky on those specific trades.


Have some sense. Please.

The corpus you have right now is your biggest asset after your time don't piss it away.
"
"Borrowed 1L captial for option buying, now I am at 60% drawdown in 3months. ","I'm 21M, engineering passout 2024 batch. 
I have been learning about the market from 2022, did paper trading and used around 10k savings for option buying on my own to test out strategies on 1-2 lots. I successfully manged to make 21k in 6 months. Then I decided to borrow some money (‚Çπ 1L) from my dad and now suffering from losses. 
I haven't bought any course, I have read books by Mark Douglas and watched a lot of videos on basics and strategies. I stick to 2 strategies mainly, mostly on Support and Resistance levels. I also follow Power of stocks. 
I have taken a break from trading since last 2 weeks now, and I think I'm hesitant to trade again, as I had planned to take a break for just a week. 
Any suggestions."
Lost Rs20 lakhs in options trading. ,Lost 20 lakhs in options trading ( Money taken from app based loan with ROI of 30%). I am not in position to handle this situation. What to do any suggestions please. 
My trading addiction/journey ,"I came to Hyderabad with small salary 6000 per month in 2006 December from a middle class family

Heard first time about stocks in office but no money to start

Then all our cousins started with buying few stocks and selling it all started like fun and all others stopped understanding that this is not worth. Only myself continued

Started buying 50 stocks selling intraday and then slowly buying 200 300 qty and in few years started doing 500 qty buying and selling

One day I bought huge qty of allahabad bank and averaged and carry forward to next day to recover from loss of 25k . Next day it opened with profit my greed and waited and suddenly it is crashing and i kept on waiting and 25k 50k loss and kept on mounting. Loss went to 1.5 lakh I was shivering and closed it 

That is the day my loss journey started to recover that i continued trading and i am loosing more and more

At that time 1 lakh was huge for me I was recently married at that time I started counting i could have bought tv fridge washing machine

Later i got to know about shorting stocks i used to sell and buy to get profit

I used to buy short mrf stocks to get 300 400 profit. I always get profit but after i fo more and loose.


Then unnecessary learn f&I

I did stocks. F&o. Like everytime I get profit and loose big one day

Then got in to index trading nifty mostly

Then weekly options got introduced
From 1.5 lakhs to 10 lakhs to 20 lakhs 50 lakhs and so on

Since I used to get profits and then loosing after some days I always feel that if could restrict quantity and exit at small loss I would win one day. It never happened 


In this journey i sold 10 grams of gold which I just purchased just like that when I had excess money

I took loan of 2 lakhs and lost it

I loose the salary every month just before 2 days of my salary or after 2 days of salary day

I used to give money to friends for interest got all that money and lost

My parents gave 2 lakhs to save even that i kept in trading

Literally except my rent and monthly expenses i used to waste every bit of my salary in my trading

I have java training and earned 10 lakhs and wasted that

Literally every amount that I have i keep transfering to zerodha and gain few days and try to do big quantity or trade until 3:30 and make profit of 5k 10k to 1 lakh 2 lakh loss by closing


Only one gud thing I did was to open sukanya sanariddi account on name of my 2 daughters and saved 20 lakhs there and got my pf of 20 lakhs and i have 6 lakhs 

After earning 17 years like doney have saved only this . I should have 1.5 crore and if i had invested that it would have taken care of my future

Now I am 40 and i don't know how many years I will survive in job

For loop{

Sop(I will do less qty and come out of less loss)
Sop(got 2k wow)
Sop(got 10k nice u can achieve future in trading)
Sop( increase quantity yaar we can get gud profitsbto recover past losses)
Sop(by 12 pm 10k profit man u r rocking let's increase profit 5k loss shit let me trade to recover, 20k loss let me add more quantity to recover 50k losss shittt let me buy 1000 qty 1 lakh 2 lakhs loss. In emotions I close hedge positios take stop losses buy huge quantity without hedging hoping to recover)

Shit what is happening to my life I will stop trading

Let us give one more try this time carefully 

And this loop continued for 10 years without success start with small quantity get profit gets as if i mastered increasing quantity and loosing

You should know how to add break statment in for loop

Finally on this Monday i added break statement to come out of my 10 years for loop

Software people understand my system out print ln and while loop

Hope u come out of ur loop immediately

Please wish me strength to face and give gud life to my kids and buy house for me. Don't know if it happens or not in my life

Please feel free to reach to me to sharr ur emotional distress


I thought of stopping in 2020 but finally closed few days ago

"
I bought a stock worth 25000 and it came down to 17000 in two months. ,Its Bandhan Bank. I don't know should I just accept the loss and put the money in other instruments or wait for this to appreciate? 
Bharosa rakho apne pe. Long Term Investing.,"6 years of sincere investing. It blew up in last year.

FIRE HAI APUN FIRE  :)

So No to F&O. Say Yes to Long Term Investing.

https://preview.redd.it/igw4ofnk83rc1.png?width=1592&format=png&auto=webp&s=9934b8afba035d78ccce5ea0ca161bfde57ea6df"
Upstox ruined my ELSS Investments,"I need suggestions. I also posted this on another sub, Mutual Funds India. 

I invested 1.3 L in ELSS Mutual Funds on 22-03-2024 at ~8.00 PM for Tax Savings this year in selective 5 funds using Upstox. 
As we all know this date won't be counted, as the cut off time for Mutual Funds transactions are 3 PM. The next 3 days are non-business days i.e. Saturday, Sunday and Monday as it was Holi. Now comes Tuesday, 26-03-2024 I receive a message from Upstox regarding my orders for Quant ELSS Tax Saver that it has been ""Placed"" and no updates for other funds. I called Upstox to know about my other investments, they told me to wait for T+2 days before reaching them. Mind you I have received no communication or status of orders from the app. It is usually says ""In process. Units to be credited to portfolio"" from day one for all the funds. It is even the same status at the time of this writing. 

I waited for updates the next 2 days. Created several tickets and emailed them, but they never once reached out to me or updated me about the order statuses. My portfolio for Quant was however, was moving forward with updates from the AMC (Quant) themselves using messages. 

Today at 10PM, the last business day of this financial year I am seeing my funds being credited back to my account except the quants. None of my investment orders were placed. Upstox didn't even update me. This will lose me a lot of money.

Just to give the context, I invest 1L for my GF as well on 23-03-2024 Saturday at ~8 PM. She received all of her funds on time by 27-03-2024. Only difference is that hers was through Groww app. Same funds. 

Can I do something do something about this? I am really disheartened. Upstox didn't communicate or replied to my emails or tickets. Their customer service is pathetic, they are 9 out of 10 times are unreachable and that one time, they will keep telling to wait for T+3 days before any updates. The orders are still in process, with status ""They have sent this order to exchanges"". Can I sue them? Can complain to SEBI? Can they be held responsible for anything ? "
THINGS TO KNOW TODAY 28-3-2024,"**Technical Analysis**

&#x200B;

**Nifty-50**

1. The market showed strength, moving above a downward-sloping resistance trendline, signaling potential for reaching new highs if it sustains above this trendline. Support is noted at the 21,900 level.

2. Nifty 50 experienced gains, indicated by a bullish candlestick pattern on the daily charts, suggesting positive short-term momentum. The index is trading above key moving averages.

3. Resistance and support levels are identified, with immediate resistance at 22,137 and support at 22,070.

&#x200B;

**Bank Nifty**

1. Bank Nifty also showed positive movement, trading above

46,500 for the session, forming a bullish candlestick pattern on the daily charts and staying above key moving averages.

2. A decisive break above the 20-day moving average at 46,950 could lead to sharp gains towards 48,000. Support is identified around the 46,500-46,400 zone.

&#x200B;

**Nifty Call Options Data**

1. Maximum Call open interest is at the 22,500 strike, indicating a potential resistance level in the short term.

2. There is significant Call writing at the 22,400 strike, suggesting resistance buildup at these levels.

3. Call unwinding at the 22,000 strike indicates a decrease in resistance at lower levels.

&#x200B;

**Nifty Put Options Data**

1. The 22,000 strike holds the maximum Put open interest, acting as a key support level for Nifty, followed by significant interest at the 22,100 and 21,900 strikes.

2. Notable Put writing at the 22,100 strike suggests strengthening support at this level, with unwinding at the 21,200 strike indicating reduced support at lower levels.

&#x200B;

**Key Stocks to Watch**

1. IDFC First Bank: Cloverdell Investments plans to sell 2.25% equity via block deals, with an offer size of 21,191.4 crore at 275 per share.

2. Dr. Reddy's Laboratories: Entered into an exclusive distribution agreement with Sanofi Healthcare India for vaccine distribution.

3. BHEL: Secured a $4,000 crore order from Adani Power for the

2x800 MW Raigarh Phase-ll Thermal Power Plant in Chhattisgarh.

4. Alkem Laboratories: Received a form 483 with 10 observations from USDA for its Baddi unit, none concerning data integrity.

5. Zydus Life: Got four USFDA observations for its Ahmedabad SEZ

Onco injectable plant, not related to data integrity.

6. UltraTech: Increased production capacity by 2.4 MTPA, reaching a global capacity of 146.2 MTPA. Acquired a 26% stake in 02

Renewable Energy for 715.68 crore.

7. Chalet Hotels: Aiming to raise 71,200 crore through QIP with a floor price of 2780.

8. Texmaco Rail: Raised 2250 crore via QIP, allocating equity shares at a discount.

9. Karnataka Bank: Closed its QIP, allocating shares at 2227 each.

10. GMR Airports: Received & 394.88 crore from NIIF for the Bhogapuram greenfield airport project.

11. Sudarshan Chemicals: Launched three new pigment products for various applications.

12. ESAB India: Announced a second interim dividend of 224 per share, totaling 236.94 crore.

13. Cyient: Signed a deal with Deutsche Aircraft for the D328eco Aircraft's rear fuselage design.

14. REC: Approved a ‚Ç¥1.6 lakh crore borrowing program for FY 2025.

15. Bank of India: To issue infra bonds worth ‚Ç¥10,000 crore in FY 2025.

16. NHPC: Plans to raise up to 76,100 crore through debt in FY 2025.

&#x200B;

&#x200B;

**FIl** were net buyers with total sales amounting to Rs 2170.3 on 27 Mar 2024

**Dil** were net buyers with total sales amounting to Rs 1197.6 Cr on 27 Mar 2024"
BJP / Govt affiliated stocks gave more than 50% returns in last 4 months.,"So I was looking at returns of some of the Govt affiliated stocks (ADANI Stocks, Govt Company Stocks), price changes in last 4 months,  
I started my comparison from November 2023 till today, actually I wanted to look on how state election results of 4 December 23 and BJP's win had affected prices of these stocks and found some interesting insights -

|**Stock Name**|Stock Price Around in Nov 2023|Stock Price Now  (28 March)|Gains in 4 Months|
|:-|:-|:-|:-|
|**ADANIPOWER**|446 (28 Nov)|533|19 **%**|
|**ADANIPORTS**|837 (28 Nov)|1341|60 %|
|**ADANITOTALGAS**|530 (23 Nov)|919|73 %|
|**ADANIENT**|2358|3197|35 %|
|**AWL**|340|321|- 5 %|
|**ADANIGREEN**|1052 (28 Nov)|1835|75 %|
|**IREDA**|60 (29 Nov)|135|125 %|
|**IRFC**|75 (1 Dec)|142|89 %|
|**IOB**|39 (28 Nov)|59|51 %|
|**GAIL**|124 (Nov)|181|45 **%**|
|**NHPC**|53 (28 Nov)|89|67 %|
|**NBCC**|65 (Nov)|118|81 %|
|**Irb infrastructure**|37 (28 Nov)|58|56 %|
|**JIOFIN**|226|353|56 %|
|**BEL**|140 (28 Nov)|199|42 %|

More precisely I was looking if it is good time to invest in these stocks before election, What I think rn is that markets has already predicted stable govt after 2024 Lok Sabha elections, that is what reflecting in these high gains numbers, but not to say, there is an opportunity of some gains in these stocks because of elections.

Not to mention, a large stock price correction is possible if there is a change in government or if margin with opposition is small in number of seats vote etc."
Please help me to invest my extra 10L lying in savings Account,"Already doing SIPs of 50k. Will increase them gradually but I still need to invest this lumpsum balance. 5L i will need in the next 8-9 months and balance 5L is for long term i.e. 6-7 years. Risk appetite is moderate. I am ok to invest in stocks but not much. Help me with some good investment advice for both short term and long term.

Thank you ü•∫


"
Got lucky today with Gravita India,"I bought Gravita in December last year at a price of 1105 of around 2 Lakhs. Stock goes into downtrend. I averaged it slowly and my average price reduced to 1032 of around 3 Lakhs. This is a big amount for my portfolio. The stock price touched 730 a couple of weeks ago so I was in big loss.

I don't know what happened but the stock started recovering and yesterday it touched my resistance and closed below it.  It was still 10% less than my price but I decided to book loss. I called my friend and said that I will sell this stock in the morning when the market opens.

Today I woke up late at 9.30. I saw huge gains in my portfolio and noticed Gravita was up by 12%. Price was around 1040. I sold at market price and it was sold at 1036. Since then stock price reduced by 5%. I got extremely lucky today as I sold it on top. I would have sold it yesterday also but I was not watching the market.

I have read these type of incidents on this sub and always wondered when will this happen to me. It happened with me today. I didn't make any profit but I was able to exit from a stock without making the loss. "
Guidance on investing 85 lakhs,"My wife is expecting a lump sum amount of 85L from her parents and wanted some guidance on investing this amount.
Considering,
1. the market being all time high
2. the upcoming elections
3. Real estate in Mumbai and Hyderabad are one of the costliest in India. My budget for real estate in Mumbai or Hyderabad is 2Cr.

Looking for some answers on what should be our investment strategy for this amount?"
"Buy Strength, Not Weakness ~ Never buy Stocks below 200 DMA","**Focus on Stocks Sustaining above 50-75 DMA Zone**

Never buy stocks trading **below 200**DMA

When the Stock is trading near 52 Week Low, majority of buyers that bought in last 1 year are in loss and till they will be in loss, stock can't move fast. So you may get stuck for years

https://preview.redd.it/nmngqdwn3lrc1.png?width=508&format=png&auto=webp&s=e4c3945d609ca163fac1e11de53d56bc87b612a3

Thereafore finding the Bottom is the worst thing you can do in StockMarket.

Rather [focus on top 1 % stocks](https://marketreader.substack.com/p/focus-on-top-1-stocks)

Biggest multibagger stocks gives biggest moves after making new high

Buy Strength, Not Weakness



"
21 EMA STRATEGY !!,"I‚Äôve been using this strategy for 6 months now 
I used to use this strategy when I started my trading career in 2019

I wanted to know how many of y‚Äôall here use this strategy and how you use it what are your rules and risk management and entry exit signal 

I‚Äôll share mine here,
TF - 5M
Mark my zones S/R on 1H TF

Switch to 5M

When price breaks above 21EMA closes above 21 EMA that‚Äôs the trigger candle and if next candle is also bullish and breaks the high of trigger candle and closes above it that‚Äôs my entry signal on next candle 
And SL is low of the candle which broke above 21EMA simple
Accuracy is 55-60% and RR is take is 1.1.5
1 trade is enough for the day 

Hope this helps to new traders

And would also love to know from experienced traders their view ! "
"Infosys to get windfall tax refund of Rs 6,329 crore","&#x200B;

[https://www.moneycontrol.com/news/technology/infosys-to-get-a-windfall-tax-refund-of-rs-6329-crore-12547771.html](https://www.moneycontrol.com/news/technology/infosys-to-get-a-windfall-tax-refund-of-rs-6329-crore-12547771.html)

 The software services provider is assessing the implications of these orders on its financial statements for the quarter and year ending March 31.

 "
Icici Bank & Icici Securities Merger,"Just being called every hour from ICICI bank employees to vote for the merger, it‚Äôs so annoying. 

For every 100 share of ICICI securities 57 of the banks shares would be swapped. Quantum mutual fund has voted against the merger. If the bank employees are pestering you to vote for the merger, then these crocked mother f***kers are trying to screw you (this is my opinion)

Edit: I just voted against the merger, let‚Äôs see what happens next. "
THINGS TO KNOW TODAY 26-3-2024,"**Technical Analysis**

&#x200B;

**Nifty-50**

1. The market rebounded nearly 400 points from the previous week's low but is expected to be rangebound and volatile in the coming truncated week.

2. The key resistance and support levels for the Nifty 50 are expected to be 22,300 and 21,700, respectively.

3. The Nifty 50 formed a bullish candlestick pattern on the daily charts with above-average volumes, indicating a possible retracement rather than a new upward trend.

4. The volatility has been dropping, making the market conditions more favorable for bulls.

&#x200B;

**Bank Nifty**

1. Bank Nifty formed a bullish candlestick pattern on the daily charts and gained points, indicating a positive trend.

2. The immediate trigger level for a potential rally or drop is around the 20-day SMA (simple moving average) at 47,000 for an upward move or below 46,500 for a downward trend.

3. Resistance levels for Bank Nifty are expected at 46,901, followed by 47,053 and 47,209, while support might be found at 46,646, followed by 46,550 and 46,394.

&#x200B;

**Nifty Call Options Data**

1. The 23,000 strike has the maximum Call open interest, acting as a key resistance level for Nifty in the short term, followed by the 22,500 and 22,700 strikes.

2. Significant Call writing was observed at the 22,500 strike, which added a considerable number of contracts, indicating strong resistance levels.

3. Call unwinding occurred at the 22,000 strike, reducing the number of contracts and potentially lowering resistance at this level.

&#x200B;

&#x200B;

**Nifty Put Options Data**

1. The 22,000 strike exhibits the highest Put open interest, serving as a pivotal support level for Nifty with robust confidence among traders.

2. Significant Put writing at the 22,100 strike indicates strong market support above this level, with considerable activity also at the 22,000 and 21,900 strikes.

3. Put unwinding at higher strikes, particularly the 22,500 strike, suggests diminishing expectations of a market downturn, reflecting a shift towards a more bullish sentiment.

&#x200B;

**Key Stocks to Watch**

1. Adani Ports: Buys 95% of Gopalpur Ports for 73,080 crore, deal to close in Q1 FY2025.

2. Insurance Stocks: IRDAl sets surrender value rules from April

2024, Bima Sugam approved.

3. Dr. Reddy's: Licenses Centhaquine for India, gets exclusive rights and royalties.

4. Mankind Pharma: Beige Ltd. selling 2.9% stake, offer worth ‚Ç¥2,460 crore.

5. Uno Minda: Partners with StarCharge for EV charger manufacturing in India.

6. Hindustan Aeronautics: Sells two aircraft to Guyana for 2194 crore.

7. Zydus Life: Gets USFDA nod for Letermovir Tablets.

8. Paradeep Phosphates: CPCB orders Paradeep plant closure, pending compliance.

9. Maruti Suzuki: Recalls over 16k Baleno, WagonR units for fuel pump issues.

10. Welspun Corp: Cancels 2339 crore Aramco deal, signs 512 crore:

contract with Saline Water.

11. Lupin: Sells generics business to Lupin Lifesciences for =100-120 crore.

12. JSW Energy: Acquires 45 MW wind project for 132 crore.

13. RVNL: Signs 2229.43 crore project MoU with Airports Authority.

14. NBCC: Auctions 21,904.81 crore of World Trade Centre space.

15. ICICI Securities: Warned by SEBI after book inspection.

16. Indian Metals: Considers special dividend for FY2024 on March 29.

17. Sun TV: To decide on interim dividend on March 28, 2024.

18. NTPC: Launches Chatti Bariatu Coal Mining Project on April 1,

2024.

&#x200B;

&#x200B;

**FIl** were net sellers with total sales amounting to Rs -3309.8 on 22 Mar 2024

&#x200B;

**DIl** were net buyers with total sales amounting to Rs 3764.9 Cr on 22 Mar 2024"
"Depressed, and unable to focus on my career due to f&I losses","Depressed and unable to focus on my career, panicking due to f&o losses

I am a 26 years old male, doctor, i am studying for my upcoming pg medical exams. Started doing trading and fno 3 years back, for 2 years I was in small losses. This year started well and i entered the market with very small capital of 10k and made 2L profits just in a few days, continuously winning, which covered all my previous losses. Then I lost the entire amount in 2 loss making days, and to recover kept doing. Now I am in 1.5L loss this year and net around 3L loss. 

I don't know what has happened, whenever I take a call since past few days, the market suddenly gives breakthrough in opposite direction. Never such a thing happened previously when I traded. I am really lost now, won't trade atleast for a few days but i don't know what to do. Feeling depressed and unable to focus on my study.

Everytime the thought is coming to my mind how i could have cashed out the 2L+ profits. I am also a freelancer part time as a hobby as I am not working professionally as of now so the time I give in the market, I can easily make the same amount in a week to two if I give that time to my freelancing. Have made 30L+ profits through freelancing in the past 1 year (did fd of it) still I am unable to come up to the fact that I am making loss in fno after such a profitable streak and so I keep trading again and again just so I can be profitable even though I could earn much more otherwise, and in an effort and in net loss of 3L in past 3 years. I just have 2 months for my exams and if I clear that and get pg in USA which I am aiming for, I would easily make there starting 5 LPM in beginning, to guaranteed 20 LPM+ (in inr) after 3 years of residency there. This is my last chance to pursue my dream there.

Still i don't know why I am trading regularly, maybe be ego is coming in between that how I lose so much amount and I haven't told my parents which is bothering me more and more. 

Please advice how to cope up with this and focus on my work. I am feeling extremely depressed and unable to study. This is not a troll post, this is my throwaway account as on my original id many real life friends know me. Please advice, please guide. I am extremely depressed and unable to focus or study üò≠."
Penalty of 77Lacs imposed on a mother son duo for Front trading.,[https://www.livemint.com/money/personal-finance/sebi-slaps-rs-77-lakh-penalty-on-mother-son-duo-this-is-why-you-should-not-use-your-mother-s-trading-account-11711554326094.html](https://www.livemint.com/money/personal-finance/sebi-slaps-rs-77-lakh-penalty-on-mother-son-duo-this-is-why-you-should-not-use-your-mother-s-trading-account-11711554326094.html)
Are we sleeping on SAIL,"Sail has a P/E ratio of 17.86 compared to the industry P/E of 18.68. It is trading below its book value of 135.62 (LTP - 134.25). Great fundamentals and growth potential. 
Should also rally till elections."
THINGS TO KNOW TODAY 27-3-2024,"**Technical Analysis**

&#x200B;

**Nifty-50**

1. Expected to remain rangebound with hurdles at 22,100-22,200 levels and support at 21,900, further at 21,800. A decisive move could set the direction.

2. Recently declined to 22,005, indicating rangebound action. A decisive move beyond the 21,900 to 22,150-22,200 range could trigger sharp movements.

3. The long-term pattern suggests a possible upside breakout.

An optimistic view requires a close above the 22,180-22,200 zone; otherwise, a sell-on-rise strategy is advised.

4. Midcap 100 and Smallcap 100 indices outperformed, showing broader market interest.

&#x200B;

**Bank Nifty**

1. Faced pressure, dropping to 46,600 but held above 46,500, indicating consolidation.

2. Expected to move towards the 47,000 - 47,200 range with identified support and resistance levels guiding short-term movements.

&#x200B;

**Nifty Call Options Data**

Significant resistance at the 22,500 strike. Resistance levels reinforced through Call writing at the 22,500, 22,100, and 22,200 strikes.

&#x200B;

**Nifty Put Options Data**

The 22,000 strike stands as a crucial support level. Support strengthened at the 21,700 and 21,900 strikes through Put writing.

&#x200B;

**Key Stocks to Watch**

1. CDSL: Standard Chartered Bank - Corporate Banking plans to sell its entire 7.18% stake via block deal at ‚Ç¨1,672/share, a 6.3% discount to the last closing price, aiming for a $151 million deal.

2. Aster DM Healthcare: Olympus Capital Asia Investments likely selling up to 9.8% stake via block deal between 400-2432/share, potentially valuing the deal at 21,952.8 crore.

3. Angel One: Launches QIP aiming to raise up to 21,500 crore with a floor price at 22,555.01/share, a 7% discount from the last close; funds for expansion and inorganic growth in fintech.

4. Wokhardt: Raises 2480 crore through QIP by issuing 92.85 lakh shares at 2517 each, a 4.97% discount to floor price; investors include ICICI Prudential and 3P India Equity Fund.

5. Cipla: Enters exclusive partnership with Sanofi to distribute six CNS

brands in India.

6. NOCIL: Board approves 7250 crore capex for capacity enhancement in Rubber Chemicals business, funded by internal accruals.

7. Avenue Supermarts: Opens three new stores, increasing the total to 357 stores.

8. SH Kelkar: Board meeting scheduled for March 29 to consider dividend; record date on April 12, 2024.

9. Indo Rama Synthetics: Promoter Urmila Lohia buys 5.35 crore shares from the open market.

10. LIC Housing Finance: Shares de-listed from the Luxembourg Stock Exchange.

11. Apollo Pipes: Acquires 53.57% in Kisan Mouldings for 2118.4 crore.

12. Piramal Enterprises: Invests 22,000 crore in Piramal Capital &

Housing Finance Ltd for business purposes.

13. Infibeam: UAE-based Avenues World FZ-LLC to raise 225 million via pre-IPO placement.

&#x200B;

&#x200B;

**FIl**

FIl were net buyers with total sales amounting to Rs 10.1 on 26 Mar 2024

&#x200B;

**DII**

Dil were net buyers with total sales amounting to Rs 5024.4 Cr on 26 Mar 2024"
Today‚Äôs Headlines,"‚ÄúGod bless your day with much happiness, joy and love.
Have a peaceful Day.‚Äù
Very Good Morning ü™¥

Today's Headlines from :

*Economic Times*

üìù ""Another milestone"": ISRO rocket accomplishes zero orbital debris mission

üìù Novo Nordisk to buy Cardior Pharma for up to $1 billion

üìù Nissan targets 1 million car sales growth over next three years

üìù India plans to shift from minimum wage to living wage by 2025

üìù RBL Bank aims to grow retail with new products, cut back on wholesale book

üìù IRDAI retains existing surrender value norms after pushback from industry

üìù NCLT rejects promoter‚Äôs resolution plan in Wadhwa Buildcon insolvency matter

*Business Standard*

üìù Space World plans to connect data centres in 7 major cities in a year

üìù Jindal Stainless collaborates with IIT-Kharagpur for metallurgical projects

üìù Google Play billing system comes under RBI scanner over alleged violations

üìù Co-working spaces set to expand capacity in 12-24 months as demand rises

üìù Mahindra Lifespace to invest Rs 6,000 crore in residential business by FY28

üìù Bank direct lending to NBFCs to moderate at Rs 1.7-1.9 trn in FY25: ICRA

üìù Hong Kong regains fourth-largest market spot after rout in Indian equities

üìù Fundraising through SME IPOs hit a new high in FY24, Rs 5,579 crore raised

*Financial Express*

üìù Discoms improve renewable energy purchase compliance

üìù Unilever, ReNew get WEF support for Industry 4.0

üìù Ministries seek more socioeconomic surveys; several requests made to statistics ministry for tech, manpower support

üìù Govt begins probe into ‚Äòdumping‚Äô¬†of foil imports

*Mint*

üìù Amul to debut in fresh milk export, launch four variants in US within a week

üìù Oil prices rise on heightened supply concerns, brent crude at $86.48/bbl

üìù Blinkit, Swiggy Instamart, Zepto report 'all-time high orders' on Holi 2024

üìù EU launches probes into Apple, Meta, Google under new digital competition law

üìù China rolls out welcome mat for US CEOs as it nods to its economic problems

üìù Airtel preparing for tariff hike, Jio to focus on greater data usage: Report

üìù Fed‚Äôs Powell hints at rate cuts if unemployment rises, despite inflation concern."
Why Groww's AMC is totally free while other platforms aren't?,"I'm new to this, and I'm considering Groww to start with, but I'm having doubts, Why they aren't charging money for AMC? And if they can do it, then why others are charging money for that? Someone please explain"
"Taking a work break, what next? ","To all well wishers out there I have saved up 25L after 15 years of working in mid level corporate job, I do not have any liabilities or commitments or any house rent to pay. 

I decided to take a break from work. What are the best case senenerios of having some good returns in medium to low risk appetite?

My work break may last a year before I get back to work, what should be the ratio of equity, MF, FD and savings? 
What kind of stocks will fall in equity category? 


**Update 31st March 24**
Thankyou for all the lovely responses, Past week I was completely offline, sorry did not comment or update here, that I left the city life in Dec23 and also My living expenses is thankfully supported by my partner who is still working, we spend around 30-40k a month for bills and everything so the savings are untouched. 
"
I've just secured a 4% move in Voltas!,"  By analyzing the naked chart, I identified key support and resistance levels and executed a successful trade. 

&#x200B;

https://preview.redd.it/lp20hdfpqmqc1.png?width=406&format=png&auto=webp&s=339054373a075bf5a30f1c0b8fce6325202f7257"
Todays Headlines,"‚ÄúUse everyday as an opportunity to make tomorrow even more better.‚Äù

Good Morning ü§ùüíê

Today's Headlines from :

*Economic Times*

üìù Micro units' share in exports rises, drops for SMEs

üìù India to reimpose restrictions on procurement of solar modules from April 1

üìù DoT asks telcos to suspend USSD-based call forwarding, switch to alternate mode from Apr 15

üìù Bank credit growth in India expected at 14-14.5% in FY25: CareEdge Ratings

üìù Shakti Pumps raises Rs 200 crore through QIP

üìù India's forex reserves up by $140 mn to $642.63 bn as of March 22

üìù Jerome Powell says Fed wants to see ''more good inflation readings'' before it can cut rates

üìù RVNL-Salasar JV gets Rs 60 crore transmission project in central Africa

üìù Best Agrolife acquires 100 pc stake in Sudarshan Farm Chemicals for Rs 139 crore

üìù Microsoft and OpenAI planning $100 billion data center project: report

üìù Sustainable packaging startup Bambrew raises $7 million in funding led by Blume Ventures

üìù Startup funding in March falls 37% to $623 million

*Business Standard*

üìù Byju's gets 50% vote on rights issue, asks miffed investors to participate

üìù Akasa Air commences int'l operations, inaugural flight from Mumbai to Qatar

üìù Shapoorji Pallonji Group's Afcons Infra files papers for Rs 7,000-cr IPO

üìù ESAF SFB to focus on solar rooftop and electric vehicle financing

üìù AMCs outline riders to exit small, midcap MFs in case of market crisis

üìù Govt orders weekly wheat stocks reporting from April 1 to prevent hoarding

üìù MNCs partner Indian firms to boost market reach in pharmaceutical sector

üìù Huawei's profit more than doubles, sales rise 9.6% on back of cloud biz

*Financial Express*

üìù RSH Global to close FY24 at Rs 575 cr; misses Rs 600 cr revenue target

üìù Godrej Appliances estimates FY24 revenues at Rs 6,000 crore

üìù FHRAI seeks relief for hospitality sector from DGFT‚Äôs secondary conditions

üìù Macrotech Developers enters into agreement to acquire 50% stake in Siddhivinayak Realties

üìù FPIs make remarkable comeback; infuse Rs 2 lakh crore in equities in FY24

üìù Soon, Govt to enter e-tailing via GeM portal

*Mint*

üìù India retains top spot among major emerging markets

üìù Indian Navy deploys warships to thwart piracy attack in Arabian Sea

üìù Ecos Mobility and Hospitality files DRHP with SEBI to launch IPO

üìù Fintech startup funding up by 48% in Q1 2024; raising $429 million: Report

üìù India forms more than 1.68 lakh companies in FY24; highest in Feb

üìù Minfy Signs Strategic Collaboration Agreement With AWS To Support US$500 million in Global Business Growth."
Lost 50k.,"Tried fno on and off since last 6 months. Was breaking even trading fno early on, later made a big loss of 20 k in one session, put a bigger bet that day and recovered loss. This made me bet more over next few days and lost 50 k. Vowed not to trade ever again. But after a few days bought cheap options and lost 3-4k. The best thing I did now was to mail groww to disable fno. I dont trade now. Addiction is real and insidious. I would advise beginners like me to use only a fixed amount per month for trading in a seperate account. And never break that rule for greed or to breakeven your losses. If option trading is still profitable for you then its a win. If you cant control this then stop early before you lose an amount that hurts and losses seem unrecoverable."
As you know SEBI Bans International Fof ETFs starting Next month what will happen to funds like Maang and MON100 trading in Indian bourses,"I know that Mutual funds like SBI US Technology US Fund and Marie A.I Mutual fund can be redeemed at a later stage. 
But what about Maang and Mon100 ETFs will they continue to trade?
"
Intrinsic Value Calculator,"**Intrinsic Value** is created by Benjamin Graham the Guru of Warren Buffett in his book Intelligent Investor.¬† The formula is helpful in Evaluating stocks which have projected growth rate.

Intrinsic Value helps to find the Current Value of the stock after Calculating the EPS Growth for next N years.¬† This is a Moving Calculation!

To calculate Intrinsic Value you require the following:

* EPS ‚Äì Earnings Per Share (eg: 50)
* G ‚Äì Growth Rate for next 10 years (eg: 20%)
* Y ‚Äì No-Risk FD Returns (eg: 10%)

**Note**:¬†The No-Risk FD Returns shows the Alternative Investment Opportunity

View Calculator here [https://futurecaps.com/intrinsic-value-calculator/](https://futurecaps.com/intrinsic-value-calculator/)"
For fun,"I don't buy maggi
I buy yippee
Because I'm an ITC shareholder.

I don't buy lays
I buy Bingo
Because I'm an ITC shareholder.

Just for fun.
Comment down below yours
.
.
.
"
"For the long term investors here, What do you check before buying a stock?","For example, do you guys have your set filters on screener such as PE<20 or do you check the market mood index. Do you compete with peers , do you read annual meeting PDFs or watch YouTube videos? What is your investment thesis to double check your investment for a good entry price"
Downward average,"I have invested around 60k in HDFC Bank, 30k each in IDFC first bank and lemon tree hotels. I am sitting on a loss on all three.
Should I continue to put more money in these stocks and downward average them? 
HDFC is avg is 1497
Idfc is 82.5
Lemon tree avg is 138
"
"Follow up for the ""How to convince father to invest in mf"" post I made here.","So I recently posted here and you guys adviced to not do that. So I approached my father and he denied (obviously). So I have another idea. What about I save up the intrest on that money and sip it in a mf? Is there any better thing to do than this? So here im not risking my father's money.

(for clarification, my father put the 10l in my bank and did a fd on it so that it won't be taxed. And the intrest would be useful for my college expenses, so I would save some of it and do an sip.)

Please give genuine advice, im new to this and  please no vague 1 line reply. üôè"
Stock in holding is showing inactive since 4/5 months.,"I have been holding around 15,000 shares of  jbf industries for more then a year now , the stock is showing inactive since the last 4/5 months. What can i do about it? I have never faced this before."
Adani Power Stock manulipulation?,Any idea why Adani power hit UC and then suddenly crashed by 8% to -3% for the day? Seems to be some obvious stock manipulation. It is under the ASM 3 list but still lol.
AU SMALL FINANCE BANK THE NEXT MULTI BAGGER ?,So according to me the entire private banking sector of india is undervalued . this is because of high interest rate the NPA of bank have increased by quite a lot . this has made private bank a bit less lucrative  to invest in . so banks life HDFC will give u a return of at least 20 percent within a year . but i want more so i have invest a good 8 percent of my portfolio in AU SMALL FINANCE BANK which can be a multi bagger because it has high growth and  the  market cap is also very low . WHAT ARE YOUR THOUGHTS ABOUT THIS . i have a combined 40 percent of my portfolios in private bank and waiting for interest cuts 
Option Buyers,"Dear option buyers,

How do y'all catch momentum ?.

Now technical analysis plays a part I agree, but even after certain indication how do y'all know that momentum is gonna arrive, what if your SL get's hit during volatility ?

can someone please explain

thanks."
Should I invest in two Nifty 50 funds or single Nifty 50 fund if want to invest a large amount?,"Let‚Äôs say I want to invest 20-30 lakhs in a Nifty 50 Index fund

Is it safe to invest in a single Nifty 50 index fund or should I diversify among fund houses?

Is there any risk other than market risk?

Can I lose money due to an issue with a  particular fund house?

I‚Äôm currently investing in UTI Nifty 50 Index fund

"
Todays Headlines,"‚ÄúListening is an Art that requires attention over Talent, spirit over Ego, others over self.‚Äù

Good Morning üåÖ

Today's Headlines from :

*Economic Times*

üìù Centre annuls auction of 13 critical mineral blocks

üìù Wages for rural jobs guarantee scheme increased by 4-10%

üìù PTC India gets shareholders' nod to divest 100% stake in energy arm

üìù Promoter of Shriram Finance sold over 59 lakh shares for Rs 1,427 crore

üìù Rupee falls 6 paise to settle at 83.39 against US dollar

üìù Home Depot to buy pro supplier SRS Distribution for $18.25 billion

üìù ICICI, Axis, IIFL invest in GMR's Rs 800 crore Delhi Airport bonds

üìù Kalpataru Projects International, arms bag orders worth Rs 2,071 crore

üìù Data privacy startup Skyflow raises $30 million in funding led by Khosla Ventures

üìù AI-led security startup SydeLabs raises $2.5 million in seed funding round

üìù Alteria Capital logs final close of Fund-III at $195 million

*Business Standard*

üìù Kotak Mahindra Bank acquires 100% stake in Sonata Finance for Rs 537 crore

üìù NCLT refuses to stay Byju's EGM to raise capital through rights issue

üìù Income Tax department levies Rs 564 crore penalty on Bank of India

üìù Swiggy records $200 million loss in nine months to December 2023: Report

üìù IPO-bound Oyo eyes Rs 100 crore PAT in Q4, 20% revenue growth in FY24

üìù Reliance picks up 26% stake in Adani's Mahan Energen power project

üìù Warburg Pincus exits IDFC First Bank, sells entire stake for Rs 1,195 cr

üìù Wipro aims to become AI-first firm; more than 220K trained in GenAI

üìù SBI Card to raise up to Rs 2,000 crore in capital via Tier II bonds

üìù Canara Bank to sell a 13% stake in Canara Robeco AMC through IPO

üìù India's Apr-Feb fiscal deficit at Rs 15.01 trn, hits 86.5% of FY24 target

*Financial Express*

üìù IREDA Board approves Rs 24,200 cr borrowing for FY25

üìù Adani family infuses Rs 6,661 crore in Ambuja Cement, takes total stake in company to 66.7%

üìù Bank credit grows 21% in February

üìù Coal India‚Äôs supplies to thermal power plants hits 610.8 MTs, breaches FY24 target

üìù L&T GeoStructure bags multiple orders from across India in range of Rs 1000 crore and Rs 2500 crore

üìù FY24 bond yields at 4-year low shows investor confidence in Indian market

üìù BSE launches beta version of T+0 settlement

*Mint*

üìù FCI procures 100,000 tonnes of wheat

üìù Fibe seeks fresh funds, TR Capital to lead with $50 million infusion

üìù India‚Äôs February core sector growth fastest in three months

üìù US Q4 GDP: US economy grows 3.4% YoY in Oct-Dec on consumer spending, exports

üìù Kolkata-based Crizac Limited files draft papers with SEBI for ‚Çπ1,000 crore IPO

üìù VC firm Accel nurtures 8 early stage Indian startups

üìù UK economy went into shallow recession in 2023: Official data."
My 1 year of trading journey,"Yep, this day marks my 1 year trading anniversary, yayyy! I've made many mistakes, learned from those mistakes, made new mistakes everytime, learned the importance of discipline, psychology, money management also with trading.
 Financially speaking I'm breakeven with whatever the capital I had so I'm happy. Now I have experience and capital so looking forward to learn new lessons and techniques.
Summarising my trading journey I started with option buying with a capital of 15k, made profit of 13k then had to take break because of exams, then came back lost nearly 17k then shifted towards option selling/hedging. Dabbled a bit and incurred an additional 5k loss. I was sad, upset, not feeling good but kept on following rules, sticked to that one strategy, developed some discipline and recovered the loss within these 3 months. So now, I'm breakeven, with a good knowledge, willing to learn more in this next accounting year(and hopefully earn hehe) 
I also tried everything like Positional, Intraday, Swing and what not in stocks as well as derivatives. Got to know my core strength area and now sticking to that. 
Any bits of advice is appreciated:)"
Is FD good idea at 24?,"I am 24 Yo and have been working for 2 years. And currently I have not yet invested anything anywhere. My savings till now is about  1.5L and my salary now is 80k in hand (I give 30k to my parents so monthly I am now left with 50k) . I've been thinking of investing now since I have a stable job and earning avg amount. What I am thinking now is to put my current savings as FD and start investing from what I earn now. So something like 1.25L to FD for 1 year 3 months at 7.1% interest and reinvest it. Is that a good idea?   
  
Also I've been thinking to have a RD of 5k/m as an emergency amount for same amount of time and interest which would yield around 78k after 1 year 3 months. Then reinvest this amount as FD along with whatever the amount I get from above FD.

Is this at all a good idea? Finance makes no sense to me tbh."
Bought a penny stock (RattanIndia Power Ltd.) and now selling it is limited,Bought this penny stock and now I place an order to sell but the order keeps getting unsuccessful. The stock does hit higher or lower circuit but not for the entire day. Why does my order not get processed then? I'm using paytm money.
Today‚Äôs Headlines,"‚ÄúYou won‚Äôt always be right, but you can always be true. Perception can charge, but truth does not.‚Äù

HAPPY COLOURFUL HOLI  ü§ùü™¥. 

Today's Headlines from :

*Economic Times*

üìù MahaRERA proposes three bank accounts mandate for real estate projects

üìù ONGC to drill oil well in Bihar, aiming to unlock potential across Ganga basin

üìù NCLT adjourns Siti Networks bankruptcy hearing to April 3

üìù Bharat Biotech starts clinical trials of TB jab

üìù Chinese premier downplays risks to economy, highlights policy space

üìù Bharti Airtel's subsidiary Bharti Hexacom to launch IPO on April 3, TCIL to sell 15% stake

üìù More Indians scale Mt Rs 1,000 cr as Chinese slip, Europeans lag

üìù EPFO adds 16.02 lakh members in January; 8.08 lakh enroll for 1st time

üìù India wants WTO bodies to prioritise finance access, food security, tech

üìù Six ARCs acquire 55% of KSK Mahanadi Power's Rs 29,330-crore debt

üìù Vedanta touts $6 billion investment pipeline as growth driver

üìù RBI plans a special audit for breaches by IIFL Finance, JM Financial Products Ltd

*Business Standard*

üìù With artificial intelligence at the wheel, Hyundai's TN unit shifts gear

üìù Bajaj Auto to invest over Rs 3,000 crore into finance subsidiary BACL

üìù IL&FS seeks nod to sell insolvent companies without shareholders' approval

üìù Tech Mahindra announces merger of two subsidiaries based in the US

üìù Tata Neu changes its look with a new UI, eyes online food delivery foray

üìù M&A deals hit slow lane, drop 43% in deal value since January 2024

üìù TMB shareholders take the legal route to fast track MD appointment

üìù FTA talks with SACU nations on the cards after new govt takes over

üìù Adani Ports, JSW, PSA looking to bag Rs 7,000 crore Tuticorin project

üìù FPIs invest over Rs 38K cr in equities in Mar so far amid positive outlook

üìù India's push for EVs may lead to entry of Chinese firms in mkt: GTRI

*Financial Express*

üìù 5,630 farmer groups now sell on ONDC platform, 3,100 items traded

üìù MillerKnoll plans to set up more showrooms in key cities across India: Official

üìù Coal production crosses 1 billion tonne

üìù DPI, bankruptcy law, tax code make India attractive investment destination: WEF official

*Mint*

üìù Starlink's services in India set to face delays

üìù OTT content spending surges 52% in 2023, driven by sports rights

üìù Textile exports contract 4.2% on year in 11 months of FY24

üìù India's pulses imports in Jan-March drop 29% on tight supplies

üìù 6.9 magnitude earthquake jolts Papua New Guinea."
Todays Headlines,"‚ÄúMay your SUNDAY be blessed with love , joy, and peace.
Very Good Morning ü§ùü™¥

Today's Headlines from :

*Economic Times*

üìù GDP set to grow 8% or more in Jan-March quarter: FM Nirmala Sitharaman

üìù FPIs lap up Indian equities worth Rs 35,000 crore in March

üìù China reaffirms financial support for Sri Lanka

üìù JSW Steel commissions hot strip mill with 5 million tonnes capacity at Karnataka plant

üìù Vikram Aggarwal in talks to buy Chennai's Clarion Hotel for Rs 180 crore

üìù Net leasing of office space up 44 pc at 115 lakh sq ft during Jan-Mar in top 8 cities: Report

üìù AT&T says leaked data set impacted about 73 million account holders

*Business Standard*

üìù Govt to resume curbs on solar modules imports to boost local producers

üìù EU to discuss buying fewer weapons from foreign firms to boost own industry

üìù Businesses have responsibility to build strong, inclusive India: Ambani

üìù IMF to increase Egypt's bailout loan to $8 billion to shore up its economy

*Financial Express*

üìù Unsold homes in 9 cities down 7% in last 3 months; 12% fall in NCR: Report

üìù Syngene International receives tax demand for Rs 16 crore from Income Tax Department for AY2022-23

*Mint*

üìù US Payrolls Seen Hitting at Least 200,000 for a Fourth Month

üìù IPO, private equity markets set to witness an upsurge: Experts

üìù Amazon, Tata Steel among 200 companies conduct placements at IIM Rohtak

üìù Microsoft and OpenAI's venture to build the largest AI Supercomputer yet: Report."
Rajesh Exports Analysis ,Now it is clear that Rajesh Exports is spiralling down to the extreme bottom. Is it good time to have a go at it? What I feel is that it is a good time to get it at this much discounted price.
"Zomato, fit for marathon?","Zomato was the first stock I owned when I entered stock market. I chose it solely based on hindsight. However, the stock went through twist-and-turns especially after Russian attached Ukraine back in early 2022.

Although now I have appreciable knowledge of fundamental analysis, I still struggle to project the future of this stock. The market fabrication it beholds and operates on, looks compelling for long-term (~8 years). The company's financials say otherwise (for the short-term at least).

In your opinion, on what basis do you envision Zomato share price becoming (or not becoming) 5√ó or 10√ó of its CMP? 

Would appreciate responses. Thanks!"
Help in investing my Salary,"I am a recent graduate working as a software engineer. I started my job in October and accumulated some savings in my bank. Currently it's around 3.5lakhs. I want to invest this money and the money I will get subsequently in upcoming months. Till now I didn't start any sort of FD, RD, mutual funds etc... 
I do have plans for going into masters in US for Higher studies. Our family is not economically strong to fund me, so I will be using my own earning for the same. I probably go for masters in next year fall. My parents are asking to buy gold. I'm confused on what to do and need some suggestions."
Going to accumulate Indigrid Invit now ,"After accumulating Embassy REIT for the past three years I took a decision to expand and get the exposure of INVITs. Hence, after doing my research work, I've come to a conclusion that among all the traded INVITs, Indigrid looks the best. It has a huge AUM, stable distribution and a stable guidance for future acquisitions. And personally speaking, I see huge growth potential in the power sector of India. Let's hope for the best

My plan is to have REIT and INVIT in my long term portfolio for their quarterly distribution. 

If anyone wants to have a quick chat about REITs and INVITs, I'm happy to guide them "
"I am encountering conflicting information regarding the capital gains from my mutual funds. Zerodha shows a short-term gain of 20k, while the consolidated statements from MyCams, KFin, and CAMS indicate 5k as short-term gains. How can I obtain a consolidated profit and loss statement for my MF. ","Even Cas from groww shows 5k profits from mf. 
I have not invest via groww but imported external fund on the groww.which one is the correct one? 
"
Tax Loss Harvesting for FY24,"Hi, I sold some shares yesterday (28-Mar-24) to book losses to reduce my capital gains. Considering that the next working day is 1-Apr-24 and the next settlement date is 2-Apr-24, will my transactions be considered under FY24 or FY25?

Thanks in advance. "
How good is Jefferies prediction? Past performance? ,"Hi, 

I hope everyone heard the news about the global brokerage firm Jefferies making a prediction about 11 Indian stocks with high growth potential in coming year. I want to invest, but I'm also sceptical about them. How reliable are their prediction? Have they made any such predictions in past? How did it turn out? "
"I looked up 5 year returns of MFs, ETFs, my model portfolio and Index to start investing, what do you guys suggest based on the results?","I'm thinking of starting to invest properly from FY24. I've tried trading before, but I lost about 1.5 lakhs. And when I've bought stocks, I've ended up selling too soon and missing out on profits. So, I'm considering a systematic investment plan (SIP) where I invest regularly and forget about it for 10 years.

At first, I thought about mutual funds (MFs), but a friend said exchange-traded funds (ETFs) might be better because they have lower expense ratios. However, when I checked, MFs have actually been doing better than ETFs for the past five years irrespective of the high expense ratios.

My colleagues suggested direct stock investment, but then my model portfolio of 20 stocks I was planning to SIP was also beaten by the MFs. 

I feel the MFs are superior in every way but still both my friend and colleagues are not convinced. Am I missing something here? 

https://preview.redd.it/1c6pfkh84nrc1.jpg?width=1011&format=pjpg&auto=webp&s=278509cd299c83f0bf1456e434547a266080846a"
Aavas Financiers,"Currently, fundamentals look stronger than ever though the Long term borrowing has jumped quite a bit but, the company is managing to record consistent & decent increase in Revenue and PAT, however, the promotor has been selling their stakes every quarter. 

If we look at the technicals then you'll notice that the stock has been on a downtrend since past 2 years now and has broken the  support of 1337 and heading towards 1273 which seems like the last support level before the stock drowns below 1000.

I'm planning to build some position in this at around 1280. 

Your thoughts? 

&#x200B;

"
ICICI Securities to Merge with ICICI Bank!,"ICICI Securities is gearing up to be delisted and merge with ICICI Bank, becoming a wholly-owned subsidiary. The proposal got the green light from shareholders, with a solid 71.9% of minority shareholders giving it the thumbs up, surpassing the required majority. Public institutional shareholders were even more supportive, with a whopping 83.8% in favor. Shareholders of ICICI Securities are in for a treat as they will receive 67 shares of ICICI Bank for every 100 shares they currently hold. Despite some pushback from minority shareholders, the delisting bid sailed through, paving the way for ICICI Securities to join forces with ICICI Bank."
For people investing for long term what are your goals?,What you think you ultimate goal is by leaving a stock for 10-15 years or more. After that will you sell that stock? Or keep holding it because it gave you good return. I really want to understand someone‚Äôs perspective on this.
what happened in the last hour in NIFTY?,"what happened in the last hour of the day? my option premium came down to 52 from 92, I am still holding for 23000 for the 18 April expiry. I bought it at 42. All I can assume is Nifty hit the 22500 and then selling started, the same thing happened when Nifty touched the 21000. will the rally continue or tomorrow  I should exit? "
Thaai Casting: Received new work order of INR 12.7 Cr,"Thaai Casting has received new work order of INR 12.7 Cr for the supply of Aluminum Casting Products from Nash Industries Private Limited. Total order book now stands at INR 233 Cr. 

  
Source: [Sovrenn Times](https://www.sovrenn.com/times)

&#x200B;

[Thaai Casting: Received new work order of INR 12.7 Cr](https://preview.redd.it/kzckoxv1y0rc1.png?width=1639&format=png&auto=webp&s=eb3fa113610a7af9fa80d5f28124820fcae4f95f)"
Today‚Äôs Headlines,"‚ÄúWe Learn to Earn a Living but we never Live.‚Äù

Happy Thursday Morning ji.

Today's Headlines from :-

*Economic Times*

üìù Microlending portfolio grows 31 pc in December quarter: Report

üìù Olympus Capital Asia divests 9.8% stake in Aster DM Healthcare for Rs 1,978 cr

üìù Student recruitment solution provider Crizac files DRHP for Rs 1000 cr IPO

üìù PN Gadgil Jewellers files DRHP with Sebi for Rs 1,100-crore IPO

üìù Rupee falls 7 paise to close at 83.36 against US dollar

üìù Indiabulls raises $350 million through dollar bonds

üìù Centre to borrow ‚Çπ7.5 lakh crore in H1FY25, eyes ‚Çπ12,000 crore via green bonds

üìù Aye Finance raises Rs 137 crore debt from German fund Invest in Visions

üìù BHEL bags Rs 4,000 cr order for 1600 MW thermal project from Adani Power

üìù Amazon invests $2.75 billion in ChatGPT-rival Anthropic, takes total investment to $4 billion

üìù Small town-focused retailer SuperK raises $6 million from Blume Ventures, others

*Business Standard*

üìù Dr Reddy's partners with Sanofi India to distribute vaccine brands in India

üìù Google Ireland gets tax relief on Rs 8.6K crore it got from India arm

üìù Maruti Suzuki India rejigs top deck, heads of several verticals changed

üìù Simpl expands partnership with Zomato to enhance convenience for customers

üìù Co-working space provider BHIVE eyes IPO at issue size of Rs 500 cr by 2025

üìù In a relief to banks and NBFCs, Reserve Bank of India modifies AIF norms

üìù LIC, GIC Re and New India Assurance Company retain the 'D-SII' tag

üìù Nabfid opts for Rs 10,000 cr credit lines over bond issuance to raise money

*Financial Express*

üìù After US, Amul to start fresh milk sales in more countries

üìù Irdai raises queries on Hinduja Group‚Äôs takeover of RCap

üìù IPO-bound Swiggy clocks in revenue of Rs 5,476 crore in April-Dec

üìù Alteria Capital announces final close of fund III at Rs 1,550 crore

üìù Sterlite Power, GIC set up JV for transmission projects

üìù ONDC nears 6-lakh food and grocery orders in March

üìù Welspun Corp‚Äôs Sintex-BAPL to invest Rs 2355 crore to set up manufacturing units in Telangana, Odisha, Madhya Pradesh & J&K

üìù Grocery retail chain SuperK raises $6 million

üìù L&T bags multiple orders worth Rs 2,500 crore to Rs 5,000 crore

üìù Colliers bags order to set up EPIC Group‚Äôs first manufacturing unit in Odisha, valued at Rs 220 crore

üìù China‚Äôs industrial profits rise 10.2% in January-February

üìù S&P raises India growth forecast for FY25 to 6.8 per cent
 
*Mint*

üìù FTSE Holds Off Adding South Korea, India to Key Bond Indexes

üìù CarDekho in talks to raise $100-150 million

üìù Adani Green commissions 180 MW solar plant at Devikot in Rajasthan

üìù Primary market set for $8.4 billion IPOs in pipeline

üìù Apollo Pipes acquires majority stake in Kisan Mouldings for ‚Çπ118.40 crore

üìù Centre likely to spend $3.7 bn to fence border with coup-hit Myanmar: Report

üìù BSE releases list of 25 stocks available for T+0 settlement from March 28."
Action Construction Equipment,"Action Construction Equipment

PAT growth of 38% & revenue growth of 27% for 9M-24

PE of 60

ACE guided for revenue CAGR of 26% for FY23-27

PAT growth expected to be higher than the revenue growth

Operating leverage at every incremental Rs 500 cr revenue to deliver margin expansion



https://www.moneymuscle.in/p/action-construction-equipment-ace-q3-24-results?r=2hbe4n&utm\_campaign=post&utm\_medium=web 



"
Any ET prime subscribers? ,"Any one who is an et prime subscriber in this sub? It seems too costly but I keep hearing good things about it.

 I want to create a habit of reading business news daily and this looks like a good place? 

Any suggestions if its worth? Can it be shared? "
Man Infraconstruction: Promoter buys stock worth INR 8.2 Cr,"Man Infraconstruction : Promoter of Man Infraconstruction bought 4.3L equity shares at INR 190/share, aggregating to INR 8.2 Cr.

Source: [Sovrenn Times](https://www.sovrenn.com/times)

Will the promoter make profit or loss on his 2.8 Cr rupees?

[Promoter of Man Infraconstruction bought 4.3L equity shares at INR 190\/share](https://preview.redd.it/al3phnx97uqc1.png?width=1708&format=png&auto=webp&s=d84b1516ccef08be87fed2cd4ea42c2a1c3f75b4)"
nifty smallcap 100 vs nifty smallcap 250,I want to open a sip for small cap index for 10 years. Which smallcap index  one should choose? Please provide your reasoning as well so that it can help me in critical thinking.
Stock involved in Mahadev Betting scam!!!! What to do?,I have bclind at an average of 74 and i had in mind to hold it for long term but it had investors which were involved in scam ( Mahadev Online Book illegal betting application scam) and so it crashing down to 55. Now i am unsure whether to average it down to about 60-65 or to sell idk what to do. Kindly tell i am new to investing. I initially bought bclind checking its good fundamentals and its future scope in ethanol sector. Also tell if it might keep dropping so there will be a better price to buy it at‚Ä¶.. PLEASE help.
PBCL limited - is market correction a good opportunity to enter!?,"I would like to bring PCBL share back up again on the radar again as there is a good buying opportunity after the 20% correction.

Few things to keep in mind:

PCBL Ltd is India‚Äôs largest carbon black producer and the 7th largest
worldwide. Infact, it commands a 35% ‚Äì 40% market share of the domestic carbon black market, with other players having sub-20% market share.

The firm operates in three major segments: Rubber Black - Tyres ( 65% of the revenue), Rubber Black - Non Tyres (25% of revenue - e.g., conveyer belt, industrial hoses) and specialty chemicals (10% of revenue - e.g., foodplate, print ink, camera body etc.)

There are two new areas (both high-margin) that PCBL will further diversify into in 2024:

Post its 3800 crore acquisition of Aquapharm, India‚Äôs largest phosphonate manufacturer, PCBL gets access to water treatment sector. Aquapharm has all the largest FMCG (e.g., P&G, Reckitt, Unilever) as its clients so PBCL is inheriting a strong business base
It has invested 130 crore to get 51% stake in the JV with Australia silicon nano-technology specialist Kinaltek limited. This will give access to battery applications esp. for EV batteries
Currently, 70% of the overall demand is domestic in nature. Domestic demand for carbon black is increasing, driven by the expansion of tyre manufacturing capacities, reduced tyre imports from China, heightened demand for PV/CV/tractor tyres, specialized tyres for EVs and rising tyre exports due to anti-dumping duties on Chinese tyres.

In addition, with the global restriction (anti-dumping) on Chinese Carbon black, reduced consumption of Russian Carbon black due to war and regulatory constraints on European and North American production has opened a huge international market demand for PCBL. It now operates in 50+ countries.

Future trends: Over FY23-26E, the sales volumes of rubber black is anticipated to experience a CAGR of 8.5%, In same breath, the volumes of performance black and specialty black are projected to witness a CAGR growth of 17% and 23%.

PCBL is a part of the RP-Sanjeev Goenka Group of Kolkata which operates other listed companies like CESC in power, Spencer in retail shopping, First source which is a BPO, IPL team ‚Äì Lucknow Giants and others. Most of its companies are AA-rated, so being part of this group gives PCBL a very strong financial flexibility.

While PCBL‚Äôs sales volume grew by 19% YoY but the revenue only grew by 2.1% YoY. This happened due to the 15% decline in market prices which was a direct result of oversupply of cheap Russian carbon black before active consumption restraints were placed. EBITDA improved by over 30% due to the rising share of high margin performance and specialty carbon blacks in the overall sales mix. In line, the company profits also increased by 12%.

From an equity research analyst perspective, they are anticipating a 40% upside on the stock with revenue growth of 20% and profit growth of 16% - all bullish on capacity increase and high demand across product lines.

Based on my valuation models (football field with relative, DCF) - the stock is undervalued at the moment by 15% - 20% across the different valuation metrics that you take.

So overall, its an interesting hidden gem that has the potential to grow after the correction is complete.

Please check out the link (6.5 minutes) where I further structure this detail out. Your feedback will help me course correct and increase the depth of my analysis:

https://youtu.be/lW7aJo_WRn0?si=OKJi6xACydq7HL1c"
USFR in NO HURRY to cut rates : Powell,"USFR in NO HURRY to cut rates : Powell

[https://tradingeconomics.com/](https://tradingeconomics.com/)

&#x200B;"
Deevayani International buy or sell ? ( Need your Advice ) ,"My funds are stuck in this stock, and rest the stocks have done well in my portfolio and I'm really confused what to do with this stock because I bought this stock at 193 rs after the news of its expansion in Thailand, But it had been falling by then and reported a bad quarter. 


So shall I hold ( If yes how much time )  or  Sell ( Book loss ) or Accumulate more ( Average more ) "
I bought Teamlease and Lalpathlabs ,"Both are having good quaterly results.. Teamlease even having best quarterly results.
What's your view on this."
"Option Buying is like a Legal Gambling, You Will Lose Your Life Savings + 5 Years of Time"," There are thousands of stories where people lost their life savings in option buying, intraday or High Leverage Trading. and here is why you need to stop it as soon as possible.  


 

https://preview.redd.it/zaimph51yirc1.png?width=680&format=png&auto=webp&s=364dc28ba1c551852219ea1f32ec7058c93bf110

### Odds Are Against You

In #Optionbuying, it's almost impossible to make money. Option Buying is like legal gambling & odds are against small traders.

You can make it for 6 months but can't sustain it. Ultimately the market will take it back. 

The biggest loss is that you start designing your mindset and psychology in the wrong direction.

For example, you give 2 years to option buying. You will need a further 2 years to unlearn the wrong mental behavior.

**You lose your Life Savings + 4-5 years. The cost is high.**  


&#x200B;

### Why Most Option Buyers Lose their capital?

It's not about strategy or knowledge.#OptionBuying requires you to be right exactly within a specific time period. You are not getting any chance of error in a probabilistic environment.

**It's like walking on a rope**

&#x200B;

https://preview.redd.it/dc0pkl84yirc1.png?width=612&format=png&auto=webp&s=b791008d5a7d47d3e3470578c77225ad78f2e363

You lose in #OptionBuying if

1. Prices went in the wrong direction or
2. Price in the right direction but momentum gets slow or
3. Prices are in the right direction but does not reach a certain level till the expiry

So everything should be right to be profitable in option buying.

If you are serious about #StockMarket trading, your main strategy can't be like walking on the rope.

Even professional trainers who can walk on the rope will not do it every day. 

As a trader, the first focus should be to survive so make it simple. Use trading strategies and a time frame that gives you enough room for errors like we do in our trading approach ""[Swing Cash](https://x.com/marketreader_/status/1750203078656319519?s=20)""

 

**Don't treat trading like a lottery.**

**Lotteries are not played with life savings**

Stock Market is designed in a way that you can predict it in a broad way.

If you try to predict every move at every level, probably you will lose trust in your skills & strategy. Design your trading strategy in a way that makes money without being exactly right. 

(you can dm me for any help, checkout [my newsletter for practical insights on Swing Trading](https://marketreader.substack.com/)  


Thanks"
#1 MarchUpdate Momentum Investing Portfolio,"Hi everyone! I've had some good luck w the market so far. Will now be picking up some stocks w high momentum trying to ride the wave. This strategy tries to exploit the stocks purely based on their current momentum. Stay tuned for updates every month, Positive Criticism is welcome! Happy Money making, hope you enjoy it!

P.S. This is only a subset (<10%) of my total portfolio, hence YMMV.



https://preview.redd.it/dxjwp7au5vqc1.png?width=690&format=png&auto=webp&s=bfb000e60a9414f6c6b1a865e7a3a8fa057645f4

"
IRFC - Hold or Sell?,"This stock has been trailing for a while and it's at a 2% profit for me today. There are no major announcements for the railways of late..nothing to suggest any changes - good or bad. I'm slightly risk averse, so unless this is a good stock for the long term (~5 years), I'm thinking of selling. 
Any thoughts?"
Will share my analysis for index FnO everyday post market closes beginning 26 march 2024.,"Hi, This is my first ever post on reddit and i plan to share my technical analysis and personal opinions everyday, this post will tell you about my trading journey and how i have reached this point as of today.
So i always had an affinity towards the stock markets which got multiplied multifolds when i completed watching the harshad mehta series , now that was 3-4 years ago i started my journey towards learning abt the market then n there but kind of got occupied in ptber stuff and put this relationship at the back burner for a while, now around the last quarter of 2023 my interest peaked again , i decided to go all in , decided will learn everythimg i can about the stock markets i can however long it may take, decided to do paid courses of all the youtubers i admired and began my learning journey with and  i think are genuine and most probably not fraud or show offs, ended up doing 7-8 paid courses of those youtubers , got a solid understanding of the market, played a little with the strategies and setups these guys provided , which tbh are very good but i kinda had an ick to use somebody elses strategy and personally i  always wanted to have my own strategy or say setup which i had built from scratch , so i read say close to 15-20 books combined all my learnings from the youtubers and their courses and these books and came up with roughly 6-7 strategies/setups and decided to work on just 2 now i believe there can never be an end to one's learning , i will always be open to learning new things, concepts , but for now i think i will be working on these 2 strategies which i have made from scratch, strictly backetested it with the data from past 5 years without any bias, the statistics for my strategies are as follows:-
Setup 1)  Total Entries Generated- 1286
                  Total Trades Won-  1089
                   Total SL - 197
                    Winrate - 84.68%
                       Minimum R2R -> 1:2
Haven't really noticed a significant drawdown period as such so kinda ignored it.

Setup 2)  Total entries Generated- 1151
                  Total Trades won - 1079
                   Total SL - 72
                     Winrate - 93.74%
                        Min R2R => 1:2
same case for drawdowns as above.

Ps:- i know the statistics seems crazy but it is what it is atleast on paper and theoretically, it is now upon me to execute it properly and practically and see how it works.

I will be sharing my analyis as well as progress everyday and see how it goes.
"
Some PSU Banks May Fall Due To SEBI's Requirement By August End,"[https://www.businesstoday.in/industry/banks/story/bank-of-maharashtra-iob-among-5-psbs-planning-to-cut-govt-stake-to-meet-sebi-norms-421475-2024-03-14](https://www.businesstoday.in/industry/banks/story/bank-of-maharashtra-iob-among-5-psbs-planning-to-cut-govt-stake-to-meet-sebi-norms-421475-2024-03-14)

 

# Bank of Maharashtra, IOB among 5 PSBs planning to cut govt stake to meet Sebi norms

 The twelve PSBs are: State Bank of India, Punjab National Bank, Bank of Baroda, Bank of India, Central Bank of India, Canara Bank, Union Bank of India, Indian Overseas Bank, Punjab and Sind Bank, Indian Bank, UCO Bank, and Bank of Maharashtra. 

Another article in the same site mentions about possible better dividends from PSU Bank for 23-24

&#x200B;"
Copy trading is real/reliable ?,"While I'm not actively engaged in stock trading, I'm intrigued by copy trading and seeking insights. Has anyone here tried it? If so, which app or website did you use, and what were your results?"
How Realistic is Paper Trading for F&O?,"How realistic is Paper Trading compared to Actual Trading for F&O?

I initially wanted to start Trading in F&O last year but decided to try Paper Trading apps for a while so that I could develop and refine my strategies, timing and psychology. I have been Paper Trading for about a year now(started in Apr 2023) and things have been pretty good so far.

I started with a few losses but recovered quickly within two weeks and have been seeing profits consistently since. I averaged a profit of 3-6% per day in the first 2 months. I have been averaging 15-20% per day in the past 3 months and 25-30% per day in the last 30 days. My average loss on a red day was 7.2% for the whole year and about 5% in the past 3 months.

I've learnt many things in the past year, specifically about when to deploy capital and when to sit and watch on the sidelines. I've tried to reduce my losses as much as possible by sticking to a strict strategy and cutting my losses early.

There have also been some days like today (usually expiry days) where i have done 9x and 10x baggers as well.

I was aware that there might be a bit of beginners luck at the start and hence decided to continue for the whole year to see how things go. I uninstalled and reinstalled the paper trading apps and also traded from new accounts multiple times as the capital had gotten obnoxiously high and I wanted to start from a smaller amount again.

Now I'm wondering if I should actually start trading with real money after this year of practice? I know that F&O is a zero-sum game and all the other disclaimers as well as how awry things can go after one bad candle. If I do start, I will start with an amount that I'm ok with losing completely. I also only plan to use a part of the profits I've made from my equity investments to trade in F&O. Should I maybe start with 1 lot and go from there?

I would love to hear advise and experiences from the sub-members especially about how you fared after switching from paper trading apps to real trading. Sorry about the long post and 

**DISCLAIMER - Please don't trade in F&O unless you are ready to lose all your capital*"
Dumb question on call and put options,"Okay so i did something dumb. 
I brought a call option of hdfc 1600 april.
I brought them few months ago and i brought them at 10k. Now i am currently at almost all loss.

Here is my question: what is the maximum loss i can have when trying to sell these?

Should i sell it now? Or can i incur more loss than 10k which i invested selling these? 
I saw it in few videos and am confused if it can happen.

I am seeing that i already have lost of it so i am currently planning on holding it. In case HFDC rallies up.

"
Algo Trading using Python - Udemy Course for free,"Hi

I am an algo trader and I have created a comprehensive course on algo trading using python. It is a free course for the first 1000 enrolments, so I guess I am not spamming the forum. If interested , you may join: [https://www.udemy.com/course/complete-algorithmic-trading-on-fyers-platform/?couponCode=FREEALGOTRADING](https://www.udemy.com/course/complete-algorithmic-trading-on-fyers-platform/?couponCode=FREEALGOTRADING)"
"Are International Credit Rating Agencies (S&P, Moodys, Fitch) doing more harm than good along the way?","Hi! My first post here so if I'm in the wrong place do let me know! Also is the flair alright?

I was reading about some International Credit Rating Agencies and how they have given the lowest rating possible to India and how the Govt is not pleased with it (understandably). Now I'm a lay person and clueless about how the markets work and all but I do find the Govt's arguments about how the CRAs are unreliable in India's case-

1. Low external debt to GDP ratio (19%)
2. zero sovereign default history
3. 5th largest economy (yup I know inequality exists but still)
4. the fact that CRA's get paid by the debtor parties
5. the govt claims a 'developed country' bias by CRAs where they get good rating in spite of poor macroeconomic health

CRAs are supposed to give investors insights into the entity they're interested to invest and make it easier for them to make investment decisions without having to carry intense research on it (honestly I think that only a lazy investor would base their decisions entirely upon some CRAs rating but I'm just parroting the internet ). But it does seem to be true that a lot of investors invest based upon these ratings. That's where a lot of my concern stems from. Developing countries like China and India are being given poor ratings while they're doing decently macroeconomically. IF these CRAs keep giving them poor rating won't it hurt these nations economically? Or does the wider market really not care about these ratings?

My very limited knowledge on these CRAs have not led me to have a good view on them. A monopoly of just 3 agencies? And based in the West? This might just be my bias acting up but things don't add up here.

Have these agencies been discredited by journalists or press? any scandal of sorts? Or an established body of academic work which heavily disagrees with the CRAs functioning? If the World Bank can have internally fixed ratings whose to say that it doesn't happen in these CRAs?

PS- This post comes from a place of genuine interest and curiosity .Please do be kind to me. I really don't know much so please correct me wherever I'm wrong!



"
How to Find Multibagger Stocks,"Let's discuss how to find stocks that have the potential to compound the capital by 3X, 5X or 10X in 3-5 years.  


https://preview.redd.it/z91lcvqmverc1.png?width=870&format=png&auto=webp&s=7400ce0207b933cc4781450d3d5f50caca7fccc8

Here is what I look for :  


 **Fundamental Signs**

‚Üí Aggressive Sales Growth

‚Üí Margin Sustainability/Expansion

‚Üí Aggressive EPS Growth

‚Üí Room for PE Expansion

‚ÜíLow Debt/Debt Free

‚ÜíRelatively Young Company

‚ÜíLoss to Profit Shift ( past example: Zomato, Policybazaa. Now delhivery may be next candidate.)

  
**Technical Sign**

Do the bigger picture analysis and stage analysis. Stock should be in uptrend & Stage-2. Basically see whether majority of the last 1 year buyers are in profit or loss.   


Stage Analysis Example (see on my twitter for more example):

https://preview.redd.it/z8qkbdt8verc1.png?width=1505&format=png&auto=webp&s=893c9911f2009e551e3267c59f5dcc1cc3be0358

 ***Look for stocks where the price is not able to catch earning growth.*** *Check case studies of* the *Apar Industry, KPIT etc.*   


***PE Expansion Potential:***

*Just compare Market Cap, Sales, OPM, ROCE, Sales Growth data of the company with similar company in same industry.*

Few [examples recently shared on twitter](https://twitter.com/marketreader_/status/1770486408412626975): Redtape vs Matro Brand, AMARA RAJA vs EXCIDE  


What You check before investing in a stock??"
I'm an undergrad and I want to begin investing :),"Hello! I'm an undergrad in psych (nowhere near finance/eco) but I want to start investing seriously. I have some equity (10k in STLTECH and 13k in UPL (a very small amount ik)) but both are in a loss (which is fine, I'll keep it there till it turns for 15% profit at least I'm thinking) but I kind of need money monthly if possible. I have 5k to spare for investing per month, the rest is to spend on monthly things but slowly I want to make my returns into spending and my actual salary (I have a part-time) into my investment.  


I was thinking of investing in something with monthly payout plans. If I need the extra money I'll use it, if not I'll reinvest it. If I can find a strong promising investing option I don't mind investing more than 5k to use the monthly payout for my expenses. Please suggest some choices and I don't understand investing jargon so please explain as you would to a 3-yr-old. Thank you so much :)


P.S.: I use AngelOne."
22 year first timer need help with my Mutual fund selection ,"So I have started with mutual funds recently with 2500 in parag Parikh flexi cap and same in quant small cap now I want to add one large cap and one index fund to with the same 2500 so the total becomes 10000 a month, I am thinking UTI Nifty 50 for the index fund and Nippon large cap buy Nippon has a bit higher expense ratio of 0.73%. would like some suggestions and if any changes let me know. "
Ai stocks ,"Has anyone invested in companies working on ai ?
How have been your returns.
Im planning on getting some investments done .
Guide please for newbie investor ..
"
Dr. Reddy‚Äôs to promote and distribute Sanofi‚Äôs vaccine brands (NSE: DRREDDY),"Dr. Reddy‚Äôs Laboratories Limited (DRL), the Hyderabad-based pharmaceutical major, has announced an exclusive partnership with Sanofi Healthcare India Private Limited to promote and distribute Sanofi‚Äôs vaccine brands across the country.

The partnership will include well-established paediatric and adult vaccine brands such Hexaxim, Pentaxim, Tetraxim, Menactra, FluQuadri, Adacel and Avaxim 80U. These brands saw combined sales of about ‚Çπ426 crore ($51 million) as per IQVIA MAT February 2024. Sanofi said it will continue to own, manufacture and import them to the country.

M.V. Ramana, chief executive, branded markets (India and emerging markets) at DRL said the company is keen to use this opportunity to serve over 1.5 billion patients by 2030. It will look to leverage its strengths in promotion and distribution to considerably expand engagement with healthcare professionals and help widen access to Sanofi‚Äôs well-established and trusted vaccine brands in India, he added.

‚ÄúWe continue our efforts to become the partner of choice in bringing novel, innovative and trusted drugs to patients in India through strategic collaborations. The portfolio now gives Dr. Reddy‚Äôs a strong presence in the vaccine segment, propelling us to the second position among vaccines players in India,"" Ramana said.

The tie-up gives DRL a stronger portfolio and takes it to second place among vaccine players in India. ‚ÄúThe partnership continues Dr. Reddy‚Äôs efforts to become the partner of choice in increasing access to novel, innovative as well as trusted drugs for patients in India,"" the company said.

‚ÄúVaccine confidence has reached its highest \[level\] in India in the past few years. We‚Äôre confident this partnership will further bolster our promise of saving millions of lives against vaccine-preventable diseases with improved vaccination coverage,"" said Preeti Futnani, general manager India for vaccines at Sanofi.

Not financial advice. Read the full article: [https://www.livemint.com/companies/news/dr-reddy-s-to-promote-and-distribute-sanofi-s-vaccine-brands-11711549422341.html](https://www.livemint.com/companies/news/dr-reddy-s-to-promote-and-distribute-sanofi-s-vaccine-brands-11711549422341.html)"
Time to take on these tellegram pages and finfluencer,"As the post goes a lot of people are getting influenced by these so called market gurus and finfluencer ,I'm thinking let's get together and lodge complaint to sebi,

For those who will say sebi won't do anything , I personally complained about one person and action is being taken against him "
Zerodha vs dhan for swing trading.,"I'm finally getting started after 4 years of studying and papertrading. Please guide me through it.

I will be taking delivery for 2-3 week long trades. Which would be better option for such style ?"
I am planning to invest in nifty 200 momentum 30 index fund and nifty 500 value 50 index. Which AMC is best for this index?,I am currently invested only in nifty 50 index fund. Planning to allocate some of my investments into these two indexes going forward. What are your thoughts on this? Mostly will be doing 60 on nifty 50 and 20:20 on the other two indexes .
BOUGHT 15 SHARES OF INFOSYS TODAY ?,So as  the market is going up and down left right and centre . i have seem the Infosys stock hit its first minimum support of rs 1500 . i knew i had to jump in . what are your thoughts on buying Infosys today because it is a blue chip company  which is not going out of business  any time soon . is this the right time to buy . as according to my calculation  the entire IT sector is currently right now a bit under valued 
Insufficient funds but still debited,"1) I had a SIP of 500 due today, but I had insufficient funds.
2) But still 295 Rs. were debited.
3) My SIP order is also in process in Kuvera App.

What will happen next? Will the rest of the 305 will get debited or my order will get cancelled? Will my debited money get refunded?

Please guide. Thank you."
This is regarding Dividends,"It's really a noob question but I don't seem to understand the way dividend works, what i thought was the ex-dividend date is the last date to have those company's shares in your demat account if you want the money. But now even if the date has passed I still haven't got any money from the company...

So is there a time limit from the ex dividend date when the dividend are distributed?
"
Which is the best app for beginners? ,"Hi , I am going to start my investment journey my focus is fully for long-term wealth and financial freedom. I am currently focusing on SIPs. Which is a best app for my use. "
Nifty & Bank nifty analysis,"Nifty & Bank nifty analysis on 1HR time frame. Also two swing setups to analysis for yourself 

If you want to see my previous analysis check my twitter profile - [https://twitter.com/TheRight\_Call](https://twitter.com/TheRight_Call)

&#x200B;

[NIFTY 1HR Time Frame](https://preview.redd.it/7nuq24byrorc1.png?width=2475&format=png&auto=webp&s=f280595790fe712c6849e208ec31cdec1bec69e3)

&#x200B;

&#x200B;

[BANK NIFTY 1HR Time Frame](https://preview.redd.it/g9vtkw70sorc1.png?width=2475&format=png&auto=webp&s=d452f0a73c996380a3052dbaa62dcb02a37edf99)

&#x200B;

&#x200B;

[AEGISCHEM Daily Time Frame ](https://preview.redd.it/n5ot1103sorc1.png?width=2475&format=png&auto=webp&s=baa822a45d9e0ba365d1ad7cbf747a8123ca220a)

&#x200B;

&#x200B;

[LICHSGFIN Weekly Time Frame](https://preview.redd.it/rzan4vd7sorc1.png?width=2475&format=png&auto=webp&s=65f7c2ecd32e78772d505e7e594b226e47edbfa4)

&#x200B;"
Reliance Power clearing off debt?,"Some senior official claimed that it'll be debt free by the end of fiscal year. Is this an overstatement?

Plus, motabhai poured cash into adani power. People are speculating adani power will buy plants from reliance power. Reliance power will use these funds to clear off debts. This way both can benefit. "
Will Nykaa shares ever come up ?,"Same as title
I am in loss"
How to get it stocks?," 

I'm 18 years old and looking to dive into the world of stocks. I've set aside some of my pocket money for this purpose. I'm eager to learn about stocks and hopefully earn some extra cash."
